Pendulum Angle (rad),Angular Velocity (rad/s),Pendulum Angle next (rad),Angular Velocity next (rad/s)
1.5707963267948966,0.0,1.5707463267949018,-0.009999999996875
1.5707463267949018,-0.009999999996875,1.5705963267951675,-0.01999999991875
1.5705963267951675,-0.01999999991875,1.5703463267979436,-0.02999999939062501
1.5703463267979436,-0.02999999939062501,1.56999632681198,-0.039999997437500136
1.56999632681198,-0.039999997437500136,1.569546326860027,-0.04999999218437602
1.569546326860027,-0.04999999218437602,1.5689963269893341,-0.05999998055625526
1.5689963269893341,-0.05999998055625526,1.5683463272851517,-0.06999995797814604
1.5683463272851517,-0.06999995797814604,1.5675963278872294,-0.07999991807506995
1.5675963278872294,-0.07999991807506995,1.5667463290093167,-0.08999985237207686
1.5667463290093167,-0.08999985237207686,1.5657963309616623,-0.09999974999427097
1.5657963309616623,-0.09999974999427097,1.5647463341765133,-0.10999959736685332
1.5647463341765133,-0.10999959736685332,1.5635963392366143,-0.11999937791518772
1.5635963392366143,-0.11999937791518772,1.562346346906705,-0.12999907176489867
1.562346346906705,-0.12999907176489867,1.5609963581680166,-0.13999865544201162
1.5609963581680166,-0.13999865544201162,1.559546374255768,-0.1499981015731484
1.559546374255768,-0.1499981015731484,1.5579963966996573,-0.15999737858579235
1.5579963966996573,-0.15999737858579235,1.556346427367352,-0.1699964504086404
1.556346427367352,-0.1699964504086404,1.5545964685109748,-0.17999527617206246
1.5545964685109748,-0.17999527617206246,1.552746522816584,-0.18999380990869033
1.552746522816584,-0.18999380990869033,1.5507965934566472,-0.1999920002541621
1.5507965934566472,-0.1999920002541621,1.5487466841455069,-0.20998979014805122
1.5487466841455069,-0.20998979014805122,1.5465967991978353,-0.21998711653501213
1.5465967991978353,-0.21998711653501213,1.5443469435900772,-0.22998391006617885
1.5443469435900772,-0.22998391006617885,1.5419971230248766,-0.23998009480085605
1.5419971230248766,-0.23998009480085605,1.5395473439984853,-0.24997558790854607
1.5395473439984853,-0.24997558790854607,1.5369976138711492,-0.2599702993713599
1.5369976138711492,-0.2599702993713599,1.5343479409404686,-0.2699641316868642
1.5343479409404686,-0.2699641316868642,1.5315983345177269,-0.2799569795714205
1.5315983345177269,-0.2799569795714205,1.528748805007184,-0.2899487296640789
1.528748805007184,-0.2899487296640789,1.5257993639883276,-0.2999392602310907
1.5257993639883276,-0.2999392602310907,1.522750024301075,-0.3099284408711125
1.522750024301075,-0.3099284408711125,1.5196008001339207,-0.3199161322211776
1.5196008001339207,-0.3199161322211776,1.516351707115019,-0.32990218566351615
1.516351707115019,-0.32990218566351615,1.5130027624061937,-0.3398864430333114
1.5130027624061937,-0.3398864430333114,1.5095539847998662,-0.3498687363274849
1.5095539847998662,-0.3498687363274849,1.5060053948188892,-0.3598488874146096
1.5060053948188892,-0.3598488874146096,1.502357014819275,-0.36982670774605514
1.502357014819275,-0.36982670774605514,1.4986088690958075,-0.37980199806847703
1.4986088690958075,-0.37980199806847703,1.4947609839905194,-0.38977454813776596
1.4947609839905194,-0.38977454813776596,1.4908133880040249,-0.3997441364345816
1.4908133880040249,-0.3997441364345816,1.4867661119096862,-0.4097105298816013
1.4867661119096862,-0.4097105298816013,1.4826191888706004,-0.41967348356261985
1.4826191888706004,-0.41967348356261985,1.4783726545593834,-0.42963274044364563
1.4783726545593834,-0.42963274044364563,1.4740265472807346,-0.4395880310961422
1.4740265472807346,-0.4395880310961422,1.4695809080967557,-0.44953907342257493
1.4695809080967557,-0.44953907342257493,1.4650357809550032,-0.4594855723844268
1.4650357809550032,-0.4594855723844268,1.460391212819247,-0.4694272197328561
1.460391212819247,-0.4694272197328561,1.4556472538029093,-0.4793636937421763
1.4556472538029093,-0.4793636937421763,1.4508039573051517,-0.48929465894634416
1.4508039573051517,-0.48929465894634416,1.4458613801495848,-0.4992197658786526
1.4458613801495848,-0.4992197658786526,1.440819582725561,-0.5091386508148292
1.440819582725561,-0.5091386508148292,1.4356786291320207,-0.5190509355197516
1.4356786291320207,-0.5190509355197516,1.4304385873238503,-0.5289562269979963
1.4304385873238503,-0.5289562269979963,1.4250995292607167,-0.5388541172484477
1.4250995292607167,-0.5388541172484477,1.4196615310583323,-0.5487441830231992
1.4196615310583323,-0.5487441830231992,1.4141246731421104,-0.5586259855909885
1.4141246731421104,-0.5586259855909885,1.4084890404031616,-0.5684990705054147
1.4084890404031616,-0.5684990705054147,1.402754722356583,-0.5783629673781931
1.402754722356583,-0.5783629673781931,1.3969218133019892,-0.5882171896577136
1.3969218133019892,-0.5882171896577136,1.3909904124862291,-0.5980612344131715
1.3909904124862291,-0.5980612344131715,1.3849606242682333,-0.6078945821245508
1.3849606242682333,-0.6078945821245508,1.3788325582859307,-0.6177166964787474
1.3788325582859307,-0.6177166964787474,1.3726063296251723,-0.6275270241721227
1.3726063296251723,-0.6275270241721227,1.3662820589905955,-0.6373249947197914
1.3662820589905955,-0.6373249947197914,1.3598598728783613,-0.6471100202719487
1.3598598728783613,-0.6471100202719487,1.353339903750691,-0.6568814954375528
1.353339903750691,-0.6568814954375528,1.3467222902121285,-0.6666387971156822
1.3467222902121285,-0.6666387971156822,1.340007177187449,-0.6763812843348964
1.340007177187449,-0.6763812843348964,1.3331947161011333,-0.6861082981009328
1.3331947161011333,-0.6861082981009328,1.3262850650583204,-0.6958191612530779
1.3262850650583204,-0.6958191612530779,1.3192783890271542,-0.70551317832956
1.3192783890271542,-0.70551317832956,1.3121748600224268,-0.7151896354423105
1.3121748600224268,-0.7151896354423105,1.304974657290428,-0.7248478001614511
1.304974657290428,-0.7248478001614511,1.2976779674948993,-0.7344869214098638
1.2976779674948993,-0.7344869214098638,1.2902849849039897,-0.7441062293682094
1.2902849849039897,-0.7441062293682094,1.282795911578108,-0.75370493539076
1.282795911578108,-0.75370493539076,1.275210957558561,-0.7632822319324166
1.275210957558561,-0.7632822319324166,1.2675303410568646,-0.7728372924872839
1.2675303410568646,-0.7728372924872839,1.2597542886446083,-0.7823692715391786
1.2597542886446083,-0.7823692715391786,1.2518830354437553,-0.7918773045244472
1.2518830354437553,-0.7918773045244472,1.2439168253172503,-0.8013605078074724
1.2439168253172503,-0.8013605078074724,1.235855911059807,-0.8108179786692453
1.235855911059807,-0.8108179786692453,1.2277005545887436,-0.8202487953093829
1.2277005545887436,-0.8202487953093829,1.2194510271347287,-0.8296520168619675
1.2194510271347287,-0.8296520168619675,1.2111076094322988,-0.8390266834255861
1.2111076094322988,-0.8390266834255861,1.202670591910002,-0.8483718161079407
1.202670591910002,-0.8483718161079407,1.1941402748800223,-0.8576864170854044
1.1941402748800223,-0.8576864170854044,1.185516968727131,-0.8669694696778877
1.185516968727131,-0.8669694696778877,1.1768009940968118,-0.876219938439379
1.1768009940968118,-0.876219938439379,1.1679926820824014,-0.8854367692645174
1.1679926820824014,-0.8854367692645174,1.159092374411081,-0.894618889511549
1.159092374411081,-0.894618889511549,1.1501004236285566,-0.9037652081420102
1.1501004236285566,-0.9037652081420102,1.1410171932822564,-0.9128746158774763
1.1410171932822564,-0.9128746158774763,1.1318430581028742,-0.9219459853737015
1.1318430581028742,-0.9219459853737015,1.1225784041840838,-0.9309781714124691
1.1225784041840838,-0.9309781714124691,1.113223629160244,-0.9399700111114576
1.113223629160244,-0.9399700111114576,1.103779142381914,-0.9489203241524207
1.103779142381914,-0.9489203241524207,1.0942453650889954,-0.9578279130279602
1.0942453650889954,-0.9578279130279602,1.08462273058131,-0.9666915633071637
1.08462273058131,-0.9666915633071637,1.0749116843864284,-0.9755100439203586
1.0749116843864284,-0.9755100439203586,1.065112684424552,-0.9842821074632224
1.065112684424552,-0.9842821074632224,1.055226201170259,-0.9930064905204693
1.055226201170259,-0.9930064905204693,1.045252717810912,-1.0016819140093158
1.045252717810912,-1.0016819140093158,1.035192730401533,-1.0103070835429113
1.035192730401533,-1.0103070835429113,1.025046748015943,-1.0188806898138951
1.025046748015943,-1.0188806898138951,1.0148152928939658,-1.027401408998225
1.0148152928939658,-1.027401408998225,1.004498900584489,-1.0358679031793967
1.004498900584489,-1.0358679031793967,0.9940981200841839,-1.0442788207931506
0.9940981200841839,-1.0442788207931506,0.9836135139716724,-1.0526327970927414
0.9836135139716724,-1.0526327970927414,0.973045658536941,-1.0609284546348146
0.973045658536941,-1.0609284546348146,0.9623951439057907,-1.0691644037859134
0.9623951439057907,-1.0691644037859134,0.9516625741591199,-1.0773392432496092
0.9516625741591199,-1.0773392432496092,0.9408485674468324,-1.0854515606142192
0.9408485674468324,-1.0854515606142192,0.929953756096166,-1.0934999329210509
0.929953756096166,-1.0934999329210509,0.9189787867142362,-1.1014829272530737
0.9189787867142362,-1.1014829272530737,0.9079243202845914,-1.1093991013438977
0.9079243202845914,-1.1093991013438977,0.8967910322575777,-1.1172470042068985
0.8967910322575777,-1.1172470042068985,0.8855796126343126,-1.1250251767842994
0.8855796126343126,-1.1250251767842994,0.8742907660440683,-1.1327321526159868
0.8742907660440683,-1.1327321526159868,0.8629252118148699,-1.1403664585278024
0.8629252118148699,-1.1403664585278024,0.8514836840371146,-1.1479266153390162
0.8514836840371146,-1.1479266153390162,0.8399669316200211,-1.155411138588656
0.8399669316200211,-1.155411138588656,0.8283757183407231,-1.1628185392803272
0.8283757183407231,-1.1628185392803272,0.8167108228858241,-1.1701473246451213
0.8167108228858241,-1.1701473246451213,0.8049730388852341,-1.1773959989221794
0.8049730388852341,-1.1773959989221794,0.7931631749381145,-1.1845630641564326
0.7931631749381145,-1.1845630641564326,0.7812820546307618,-1.19164702101301
0.7812820546307618,-1.19164702101301,0.7693305165462665,-1.198646369607763
0.7693305165462665,-1.198646369607763,0.7573094142657877,-1.2055596103533228
0.7573094142657877,-1.2055596103533228,0.7452196163612932,-1.2123852448200625
0.7452196163612932,-1.2123852448200625,0.7330620063796173,-1.219121776611305
0.7330620063796173,-1.219121776611305,0.7208374828176985,-1.2257677122520776
0.7208374828176985,-1.2257677122520776,0.7085469590888656,-1.2323215620906773
0.7085469590888656,-1.2323215620906773,0.6961913634800454,-1.2387818412122749
0.6961913634800454,-1.2387818412122749,0.6837716390997801,-1.24514707036375
0.6837716390997801,-1.24514707036375,0.6712887438169419,-1.2514157768889138
0.6712887438169419,-1.2514157768889138,0.6587436501900473,-1.2575864956732417
0.6587436501900473,-1.2575864956732417,0.646137345387081,-1.2636577700972034
0.646137345387081,-1.2636577700972034,0.6334708310957466,-1.2696281529972484
0.6334708310957466,-1.2696281529972484,0.6207451234240743,-1.2754962076334682
0.6207451234240743,-1.2754962076334682,0.6079612527913213,-1.2812605086629283
0.6079612527913213,-1.2812605086629283,0.5951202638091161,-1.2869196431176368
0.5951202638091161,-1.2869196431176368,0.582223215152804,-1.292472211386083
0.582223215152804,-1.292472211386083,0.5692711794229635,-1.2979168281972533
0.5692711794229635,-1.2979168281972533,0.5562652429970752,-1.303252123606015
0.5562652429970752,-1.303252123606015,0.5432065058713349,-1.3084767439787217
0.5432065058713349,-1.3084767439787217,0.5300960814926137,-1.3135893529778844
0.5300960814926137,-1.3135893529778844,0.5169350965805817,-1.318588632544727
0.5169350965805817,-1.318588632544727,0.5037246909400211,-1.3234732838784276
0.5037246909400211,-1.3234732838784276,0.49046601726336936,-1.328242028410833
0.49046601726336936,-1.328242028410833,0.4771602409235417,-1.3328936087754182
0.4771602409235417,-1.3328936087754182,0.4638085397570991,-1.3374267897692549
0.4638085397570991,-1.3374267897692549,0.4504121038378363,-1.3418403593067383
0.4504121038378363,-1.3418403593067383,0.43697213524087863,-1.3461331293638212
0.43697213524087863,-1.3461331293638212,0.42348984779738985,-1.350303936911497
0.42348984779738985,-1.350303936911497,0.40996646684000376,-1.3543516448372699
0.40996646684000376,-1.3543516448372699,0.39640322893910646,-1.3582751428533544
0.39640322893910646,-1.3582751428533544,0.38280138163010835,-1.3620733483903509
0.38280138163010835,-1.3620733483903509,0.36916218313185706,-1.3657452074751435
0.36916218313185706,-1.3657452074751435,0.35548690205635547,-1.3692896955917828
0.35548690205635547,-1.3692896955917828,0.3417768171099611,-1.3727058185241228
0.3417768171099611,-1.3727058185241228,0.32803321678625574,-1.3759926131789968
0.32803321678625574,-1.3759926131789968,0.31425739905078504,-1.3791491483887344
0.31425739905078504,-1.3791491483887344,0.3004506710178816,-1.3821745256918396
0.3004506710178816,-1.3821745256918396,0.2866143486197953,-1.3850678800906735
0.2866143486197953,-1.3850678800906735,0.2727497562683661,-1.3878283807850098
0.2727497562683661,-1.3878283807850098,0.2588582265094872,-1.390455231880358
0.2588582265094872,-1.390455231880358,0.24494109967061486,-1.3929476730699804
0.24494109967061486,-1.3929476730699804,0.23099972350159456,-1.3953049802895594
0.23099972350159456,-1.3953049802895594,0.21703545280908107,-1.3975264663435107
0.21703545280908107,-1.3975264663435107,0.2030496490848414,-1.3996114815019705
0.2030496490848414,-1.3996114815019705,0.1890436801282384,-1.4015594140675287
0.1890436801282384,-1.4015594140675287,0.17501891966320188,-1.4033696909108209
0.17501891966320188,-1.4033696909108209,0.16097674695000305,-1.4050417779741358
0.16097674695000305,-1.4050417779741358,0.14691854639215643,-1.4065751807422422
0.14691854639215643,-1.4065751807422422,0.13284570713878013,-1.4079694446796873
0.13284570713878013,-1.4079694446796873,0.11875962268275402,-1.4092241556338687
0.11875962268275402,-1.4092241556338687,0.10466169045502081,-1.410338940203236
0.10466169045502081,-1.410338940203236,0.09055331141538217,-1.411313466070029
0.09055331141538217,-1.411313466070029,0.07643588964014683,-1.4121474422970168
0.07643588964014683,-1.4121474422970168,0.06231083190699344,-1.4128406195877583
0.06231083190699344,-1.4128406195877583,0.048179547277414976,-1.4133927905099637
0.048179547277414976,-1.4133927905099637,0.03404344667711551,-1.4138037896815914
0.03404344667711551,-1.4138037896815914,0.019903942474733677,-1.414073493919381
0.019903942474733677,-1.414073493919381,0.005762448059269664,-1.4142018223495791
0.005762448059269664,-1.4142018223495791,-0.008379622583405293,-1.4141887364806753
-0.008379622583405293,-1.4141887364806753,-0.022520855294576266,-1.4140342402380344
-0.022520855294576266,-1.4140342402380344,-0.03665983616686753,-1.4137383799603638
-0.03665983616686753,-1.4137383799603638,-0.05079515196819932,-1.4133012443580248
-0.05079515196819932,-1.4133012443580248,-0.06492539056513721,-1.4127229644332537
-0.06492539056513721,-1.4127229644332537,-0.07904914134525368,-1.4120037133624244
-0.07904914134525368,-1.4120037133624244,-0.09316499563812335,-1.4111437063405436
-0.09316499563812335,-1.4111437063405436,-0.10727154713457542,-1.4101432003882328
-0.10727154713457542,-1.4101432003882328,-0.12136739230382948,-1.4090024941215094
-0.12136739230382948,-1.4090024941215094,-0.13545113080814483,-1.4077219274847415
-0.13545113080814483,-1.4077219274847415,-0.14952136591461693,-1.4063018814472084
-0.14952136591461693,-1.4063018814472084,-0.16357670490375942,-1.4047427776637578
-0.16357670490375942,-1.4047427776637578,-0.17761575947451558,-1.4030450781001047
-0.17761575947451558,-1.4030450781001047,-0.19163714614534838,-1.4012092846233748
-0.19163714614534838,-1.4012092846233748,-0.20563948665106502,-1.399235938558547
-0.20563948665106502,-1.399235938558547,-0.21962140833503807,-1.397125620211503
-0.21962140833503807,-1.397125620211503,-0.2335815445364936,-1.3948789483594375
-0.2335815445364936,-1.3948789483594375,-0.24751853497254322,-1.3924965797094397
-0.24751853497254322,-1.3924965797094397,-0.26143102611464664,-1.3899792083260927
-0.26143102611464664,-1.3899792083260927,-0.2753176715591987,-1.387327565028987
-0.2753176715591987,-1.387327565028987,-0.2891771323919452,-1.3845424167610862
-0.2891771323919452,-1.3845424167610862,-0.30300807754594083,-1.381624565928922
-0.30300807754594083,-1.381624565928922,-0.31680918415277204,-1.3785748497156276
-0.31680918415277204,-1.3785748497156276,-0.330579137886779,-1.3753941393678646
-0.330579137886779,-1.3753941393678646,-0.3443166333020209,-1.3720833394577172
-0.3443166333020209,-1.3720833394577172,-0.35802037416173926,-1.3686433871206685
-0.35802037416173926,-1.3686433871206685,-0.37168907376008675,-1.3650752512707915
-0.37168907376008675,-1.3650752512707915,-0.3853214552358981,-1.3613799317943214
-0.3853214552358981,-1.3613799317943214,-0.39891625187829427,-1.3575584587227851
-0.39891625187829427,-1.3575584587227851,-0.41247220742391993,-1.3536118913868973
-0.41247220742391993,-1.3536118913868973,-0.4259880763456297,-1.349541317552435
-0.4259880763456297,-1.349541317552435,-0.4394626241324473,-1.3453478525393248
-0.4394626241324473,-1.3453478525393248,-0.45289462756063736,-1.3410326383251874
-0.45289462756063736,-1.3410326383251874,-0.46628287495574006,-1.3365968426345858
-0.46628287495574006,-1.3365968426345858,-0.4796261664454318,-1.3320416580152368
-0.4796261664454318,-1.3320416580152368,-0.4929233142030884,-1.3273683009024444
-0.4929233142030884,-1.3273683009024444,-0.5061731426819384,-1.3225780106730132
-0.5061731426819384,-1.3225780106730132,-0.5193744888397089,-1.3176720486899025
-0.5193744888397089,-1.3176720486899025,-0.5325262023536765,-1.31265169733887
-0.5325262023536765,-1.31265169733887,-0.5456271458260494,-1.307518259058354
-0.5456271458260494,-1.307518259058354,-0.5586761949796206,-1.3022730553638295
-0.5586761949796206,-1.3022730553638295,-0.5716722388436412,-1.2969174258678622
-0.5716722388436412,-1.2969174258678622,-0.5846141799298784,-1.2914527272970713
-0.5846141799298784,-1.2914527272970713,-0.5975009343988325,-1.2858803325071981
-0.5975009343988325,-1.2858803325071981,-0.6103314322160998,-1.2802016294974532
-0.6103314322160998,-1.2802016294974532,-0.6231046172988806,-1.2744180204253022
-0.6231046172988806,-1.2744180204253022,-0.6358194476526414,-1.2685309206228237
-0.6358194476526414,-1.2685309206228237,-0.6484748954979541,-1.26254175761575
-0.6484748954979541,-1.26254175761575,-0.6610699473875425,-1.2564519701462784
-0.6610699473875425,-1.2564519701462784,-0.673603604313581,-1.2502630072007093
-0.673603604313581,-1.2502630072007093,-0.6860748818052976,-1.2439763270429458
-0.6860748818052976,-1.2439763270429458,-0.6984828100169457,-1.2375933962548522
-0.6984828100169457,-1.2375933962548522,-0.7108264338062177,-1.2311156887844443
-0.7108264338062177,-1.2311156887844443,-0.7231048128031837,-1.2245446850028494
-0.7231048128031837,-1.2245446850028494,-0.7353170214698476,-1.2178818707709405
-0.7353170214698476,-1.2178818707709405,-0.7474621491504205,-1.211128736516517
-0.7474621491504205,-1.211128736516517,-0.759539300112424,-1.2042867763228693
-0.759539300112424,-1.2042867763228693,-0.7715475935787375,-1.1973574870295265
-0.7715475935787375,-1.1973574870295265,-0.7834861637507186,-1.190342367345955
-0.7834861637507186,-1.190342367345955,-0.7953541598225272,-1.1832429169789351
-0.7953541598225272,-1.1832429169789351,-0.8071507459867956,-1.1760606357743082
-0.8071507459867956,-1.1760606357743082,-0.8188751014317898,-1.1687970228737485
-0.8188751014317898,-1.1687970228737485,-0.8305264203302166,-1.1614535758871782
-0.8305264203302166,-1.1614535758871782,-0.8421039118198359,-1.154031790081403
-0.8421039118198359,-1.154031790081403,-0.8536067999760419,-1.1465331575855136
-0.8536067999760419,-1.1465331575855136,-0.8650343237765853,-1.1389591666135552
-0.8650343237765853,-1.1389591666135552,-0.876385737058609,-1.131311300704934
-0.876385737058609,-1.131311300704934,-0.8876603084681802,-1.1235910379829908
-0.8876603084681802,-1.1235910379829908,-0.8988573214024993,-1.1157998504321343
-0.8988573214024993,-1.1157998504321343,-0.9099760739449748,-1.107939203193894
-0.9099760739449748,-1.107939203193894,-0.9210158787933554,-1.1000105538822122
-0.9210158787933554,-1.1000105538822122,-0.9319760631811114,-1.0920153519182616
-0.9319760631811114,-1.0920153519182616,-0.9428559687922633,-1.0839550378850404
-0.9428559687922633,-1.0839550378850404,-0.9536549516698566,-1.0758310429019629
-0.9536549516698566,-1.0758310429019629,-0.9643723821182827,-1.0676447880196278
-0.9643723821182827,-1.0676447880196278,-0.9750076445996494,-1.0593976836349184
-0.9750076445996494,-1.0593976836349184,-0.9855601376244043,-1.0510911289265505
-0.9855601376244043,-1.0510911289265505,-0.9960292736364164,-1.0427265113111612
-0.9960292736364164,-1.0427265113111612,-1.0064144788927216,-1.0343052059199929
-1.0064144788927216,-1.0343052059199929,-1.0167151933381382,-1.0258285750962053
-1.0167151933381382,-1.0258285750962053,-1.0269308704749585,-1.017297967912814
-1.0269308704749585,-1.017297967912814,-1.0370609772279227,-1.0087147197112316
-1.0370609772279227,-1.0087147197112316,-1.0471049938046817,-1.0000801516603581
-1.0471049938046817,-1.0000801516603581,-1.0570624135519524,-0.9913955703361433
-1.0570624135519524,-0.9913955703361433,-1.0669327428075712,-0.9826622673215196
-1.0669327428075712,-0.9826622673215196,-1.0767155007486475,-0.9738815188265808
-1.0767155007486475,-0.9738815188265808,-1.0864102192360205,-0.9650545853288598
-1.0864102192360205,-0.9650545853288598,-1.0960164426552177,-0.9561827112335374
-1.0960164426552177,-0.9561827112335374,-1.105533727754115,-0.9472671245533942
-1.105533727754115,-0.9472671245533942,-1.114961643477494,-0.9383090366083008
-1.114961643477494,-0.9383090366083008,-1.1242997707986908,-0.9293096417440186
-1.1242997707986908,-0.9293096417440186,-1.1335477025485283,-0.920270117070074
-1.1335477025485283,-0.920270117070074,-1.1427050432417223,-0.9111916222164462
-1.1427050432417223,-0.9111916222164462,-1.1517714089009459,-0.9020752991087991
-1.1517714089009459,-0.9020752991087991,-1.1607464268787397,-0.892922271761971
-1.1607464268787397,-0.892922271761971,-1.1696297356774459,-0.883733646091426
-1.1696297356774459,-0.883733646091426,-1.1784209847673441,-0.8745105097423564
-1.1784209847673441,-0.8745105097423564,-1.1871198344031686,-0.865253931936118
-1.1871198344031686,-0.865253931936118,-1.1957259554391713,-0.855964963333667
-1.1957259554391713,-0.855964963333667,-1.2042390291429055,-0.8466446359156626
-1.2042390291429055,-0.8466446359156626,-1.2126587470078913,-0.8372939628788879
-1.2126587470078913,-0.8372939628788879,-1.2209848105653258,-0.8279139385486367
-1.2209848105653258,-0.8279139385486367,-1.229216931194995,-0.8185055383067087
-1.229216931194995,-0.8185055383067087,-1.2373548299355428,-0.8090697185346469
-1.2373548299355428,-0.8090697185346469,-1.2453982372942465,-0.7996074165718521
-1.2453982372942465,-0.7996074165718521,-1.2533468930564466,-0.7901195506881994
-1.2533468930564466,-0.7901195506881994,-1.2612005460947742,-0.7806070200707855
-1.2612005460947742,-0.7806070200707855,-1.2689589541783133,-0.7710707048244277
-1.2689589541783133,-0.7710707048244277,-1.2766218837818373,-0.7615114659855383
-1.2766218837818373,-0.7615114659855383,-1.2841891098952485,-0.7519301455489951
-1.2841891098952485,-0.7519301455489951,-1.2916604158333493,-0.7423275665076299
-1.2916604158333493,-0.7423275665076299,-1.2990355930460713,-0.7327045329039574
-1.2990355930460713,-0.7327045329039574,-1.3063144409292793,-0.7230618298937673
-1.3063144409292793,-0.7230618298937673,-1.3134967666362707,-0.7134002238212044
-1.3134967666362707,-0.7134002238212044,-1.3205823848900806,-0.7037204623049654
-1.3205823848900806,-0.7037204623049654,-1.3275711177967038,-0.6940232743352422
-1.3275711177967038,-0.6940232743352422,-1.334462794659337,-0.6843093703810443
-1.334462794659337,-0.6843093703810443,-1.3412572517937464,-0.6745794425075391
-1.3412572517937464,-0.6745794425075391,-1.3479543323448555,-0.6648341645030503
-1.3479543323448555,-0.6648341645030503,-1.3545538861046509,-0.655074192015362
-1.3545538861046509,-0.655074192015362,-1.3610557693314962,-0.6453001626969777
-1.3610557693314962,-0.6453001626969777,-1.3674598445709414,-0.635512696358992
-1.3674598445709414,-0.635512696358992,-1.3737659804781124,-0.6257123951332363
-1.3737659804781124,-0.6257123951332363,-1.3799740516417627,-0.6158998436423655
-1.3799740516417627,-0.6158998436423655,-1.3860839384100638,-0.6060756091775614
-1.3860839384100638,-0.6060756091775614,-1.3920955267182096,-0.5962402418835315
-1.3920955267182096,-0.5962402418835315,-1.3980087079179053,-0.5863942749504907
-1.3980087079179053,-0.5863942749504907,-1.4038233786088117,-0.5765382248128194
-1.4038233786088117,-0.5765382248128194,-1.4095394404720054,-0.5666725913540994
-1.4095394404720054,-0.5666725913540994,-1.4151568001055221,-0.5567978581182349
-1.4151568001055221,-0.5567978581182349,-1.42067536886204,-0.5469144925263733
-1.42067536886204,-0.5469144925263733,-1.4260950626887587,-0.5370229460993489
-1.4260950626887587,-0.5370229460993489,-1.4314158019695324,-0.5271236546853801
-1.4314158019695324,-0.5271236546853801,-1.4366375113693013,-0.5172170386927561
-1.4366375113693013,-0.5172170386927561,-1.4417601196808763,-0.5073035033272595
-1.4417601196808763,-0.5073035033272595,-1.4467835596741194,-0.497383438834077
-1.4467835596741194,-0.497383438834077,-1.4517077679475663,-0.4874572207439598
-1.4517077679475663,-0.4874572207439598,-1.456532684782528,-0.4775252101234005
-1.456532684782528,-0.4775252101234005,-1.461258253999716,-0.46758775382860324
-1.461258253999716,-0.46758775382860324,-1.4658844228184247,-0.45764518476303134
-1.4658844228184247,-0.45764518476303134,-1.4704111417183043,-0.4476978221383225
-1.4704111417183043,-0.4476978221383225,-1.474838364303762,-0.4377459717383716
-1.474838364303762,-0.4377459717383716,-1.4791660471710164,-0.42778992618638734
-1.4791660471710164,-0.42778992618638734,-1.4833941497778385,-0.41782996521473664
-1.4833941497778385,-0.41782996521473664,-1.4875226343160022,-0.40786635593739856
-1.4875226343160022,-0.40786635593739856,-1.4915514655864743,-0.3978993531248567
-1.4915514655864743,-0.3978993531248567,-1.4954806108773628,-0.3879291994812659
-1.4954806108773628,-0.3879291994812659,-1.4993100398446482,-0.37795612592373734
-1.4993100398446482,-0.37795612592373734,-1.503039724395718,-0.3679803518635914
-1.503039724395718,-0.3679803518635914,-1.5066696385757234,-0.3580020854894369
-1.5066696385757234,-0.3580020854894369,-1.510199758456773,-0.34802152405194
-1.510199758456773,-0.34802152405194,-1.5136300620299854,-0.33803885415015394
-1.5136300620299854,-0.33803885415015394,-1.51696052910041,-0.3280542520192878
-1.51696052910041,-0.3280542520192878,-1.5201911411848332,-0.3180678838197969
-1.5201911411848332,-0.3180678838197969,-1.5233218814124811,-0.3080799059276865
-1.5233218814124811,-0.3080799059276865,-1.5263527344286316,-0.29809046522592425
-1.5263527344286316,-0.29809046522592425,-1.529283686301145,-0.2880996993968637
-1.529283686301145,-0.2880996993968637,-1.5321147244299238,-0.2781077372155879
-1.5321147244299238,-0.2781077372155879,-1.5348458374593108,-0.26811469884408606
-1.5348458374593108,-0.26811469884408606,-1.5374770151934314,-0.25812069612618294
-1.5374770151934314,-0.25812069612618294,-1.5400082485144901,-0.2481258328831457
-1.5400082485144901,-0.2481258328831457,-1.5424395293040252,-0.23813020520989814
-1.5424395293040252,-0.23813020520989814,-1.5447708503671287,-0.22813390177177667
-1.5447708503671287,-0.22813390177177667,-1.5470022053596366,-0.21813700410176834
-1.5470022053596366,-0.21813700410176834,-1.549133588718293,-0.20813958689817458
-1.549133588718293,-0.20813958689817458,-1.5511649955938933,-0.1981417183226499
-1.5511649955938933,-0.1981417183226499,-1.553096421787409,-0.18814346029856804
-1.553096421787409,-0.18814346029856804,-1.5549278636890986,-0.17814486880967326
-1.5549278636890986,-0.17814486880967326,-1.556659318220605,-0.16814599419897713
-1.556659318220605,-0.16814599419897713,-1.5582907827800436,-0.15814688146786618
-1.5582907827800436,-0.15814688146786618,-1.559822255190083,-0.14814757057538824
-1.559822255190083,-0.14814757057538824,-1.5612537336490178,-0.1381480967376894
-1.5612537336490178,-0.1381480967376894,-1.5625852166848375,-0.12814849072757617
-1.5625852166848375,-0.12814849072757617,-1.563816703112292,-0.11814877917418076
-1.563816703112292,-0.11814877917418076,-1.564948191992953,-0.10814898486271018
-1.564948191992953,-0.10814898486271018,-1.5659796825982737,-0.0981491270342621
-1.5659796825982737,-0.0981491270342621,-1.566911174375647,-0.08814922168569315
-1.566911174375647,-0.08814922168569315,-1.567742666917463,-0.07814928186952787
-1.567742666917463,-0.07814928186952787,-1.568474159933165,-0.0681493179938975
-1.568474159933165,-0.0681493179938975,-1.5691056532243057,-0.05814933812250116
-1.5691056532243057,-0.05814933812250116,-1.5696371466626022,-0.048149348274582095
-1.5696371466626022,-0.048149348274582095,-1.570068640170992,-0.03814935272491446
-1.570068640170992,-0.03814935272491446,-1.5704001337076878,-0.028149354303796423
-1.5704001337076878,-0.028149354303796423,-1.570631627253233,-0.018149354697047097
-1.570631627253233,-0.018149354697047097,-1.5707631208005568,-0.008149354746005349
-1.5707631208005568,-0.008149354746005349,-1.5707946143480291,0.0018506452524705303
-1.5707946143480291,0.0018506452524705303,-1.5707261078955161,0.011850645246002881
-1.5707261078955161,0.011850645246002881,-1.5705576014434357,0.02185064512669469
-1.5705576014434357,0.02185064512669469,-1.570289094994812,0.03185064443112961
-1.570289094994812,0.03185064443112961,-1.5699205885603311,0.04185064204037206
-1.5699205885603311,0.04185064204037206,-1.5694520821663958,0.051850635879967806
-1.5694520821663958,0.051850635879967806,-1.568883575866181,0.061850622619945665
-1.568883575866181,0.061850622619945665,-1.5682150697536894,0.07185059737482176
-1.5682150697536894,0.07185059737482176,-1.5674465639808055,0.08185055340360835
-1.5674465639808055,0.08185055340360835,-1.5665780587773515,0.09185048180983046
-1.5665780587773515,0.09185048180983046,-1.5656095544741413,0.10185037124155456
-1.5656095544741413,0.10185037124155456,-1.5645410515290354,0.11185020759143477
-1.5645410515290354,0.11185020759143477,-1.563372550555995,0.12184997369678408
-1.563372550555995,0.12184997369678408,-1.5621040523571337,0.13184964903967916
-1.5621040523571337,0.13184964903967916,-1.5607355579577704,0.14184920944711
-1.5607355579577704,0.14184920944711,-1.5592670686444785,0.15184862679118682
-1.5592670686444785,0.15184862679118682,-1.5576985860061336,0.16184786868942005
-1.5576985860061336,0.16184786868942005,-1.5560301119779578,0.17184689820509075
-1.5560301119779578,0.17184689820509075,-1.5542616488885594,0.18184567354773196
-1.5542616488885594,0.18184567354773196,-1.552393199509968,0.19184414777374453
-1.552393199509968,0.19184414777374453,-1.5504247671106612,0.20184226848717338
-1.5504247671106612,0.20184226848717338,-1.5483563555115842,0.21183997754067396
-1.5483563555115842,0.21183997754067396,-1.5461879691451577,0.22183721073670215
-1.5461879691451577,0.22183721073670215,-1.543919613117273,0.23183389752896363
-1.543919613117273,0.23183389752896363,-1.541551293272271,0.24182996072416377
-1.541551293272271,0.24182996072416377,-1.5390830162609017,0.251825316184102
-1.5390830162609017,0.251825316184102,-1.5365147896112616,0.26181987252815947
-1.5365147896112616,0.26181987252815947,-1.5338466218027038,0.27181353083623266
-1.5338466218027038,0.27181353083623266,-1.5310785223427152,0.28180618435217064
-1.5310785223427152,0.28180618435217064,-1.5282105018467584,0.2917977181877778
-1.5282105018467584,0.2917977181877778,-1.525242572121069,0.3017880090274492
-1.525242572121069,0.3017880090274492,-1.5221747462484034,0.31177692483351094
-1.5221747462484034,0.31177692483351094,-1.519007038676731,0.3217643245523419
-1.519007038676731,0.3217643245523419,-1.5157394653108571,0.33175005782136063
-1.5157394653108571,0.33175005782136063,-1.5123720436069759,0.34173396467696476
-1.5123720436069759,0.34173396467696476,-1.5089047926701353,0.3517158752635174
-1.5089047926701353,0.3517158752635174,-1.5053377333546083,0.36169560954348007
-1.5053377333546083,0.36169560954348007,-1.5016708883671557,0.37167297700879837
-1.5016708883671557,0.37167297700879837,-1.497904282373169,0.38164777639365205
-1.497904282373169,0.38164777639365205,-1.494037942105678,0.3916197953886882
-1.494037942105678,0.3916197953886882,-1.4900718964772086,0.4015888103568624
-1.4900718964772086,0.4015888103568624,-1.486006176694473,0.41155458605101936
-1.486006176694473,0.41155458605101936,-1.481840816375875,0.4215168753333513
-1.481840816375875,0.4215168753333513,-1.4775758516718114,0.43147541889687924
-1.4775758516718114,0.43147541889687924,-1.473211321387747,0.44142994498910926
-1.473211321387747,0.44142994498910926,-1.4687472671100417,0.45138016913802337
-1.4687472671100417,0.45138016913802337,-1.4641837333345058,0.461325793880571
-1.4641837333345058,0.461325793880571,-1.4595207675976565,0.4712665084938353
-1.4595207675976565,0.4712665084938353,-1.4547584206106488,0.48120198872905506
-1.4547584206106488,0.48120198872905506,-1.4498967463958516,0.4911318965486915
-1.4498967463958516,0.4911318965486915,-1.4449358024260366,0.5010558798667355
-1.4449358024260366,0.5010558798667355,-1.439875649766147,0.5109735722924594
-1.439875649766147,0.5109735722924594,-1.4347163532176108,0.5208845928778255
-1.4347163532176108,0.5208845928778255,-1.4294579814651613,0.5307885458687688
-1.4294579814651613,0.5307885458687688,-1.4241006072261233,0.5406850204605824
-1.4241006072261233,0.5406850204605824,-1.4186443074021249,0.55057359055764
-1.4186443074021249,0.55057359055764,-1.4130891632331892,0.560453814537696
-1.4130891632331892,0.560453814537696,-1.4074352604541591,0.5703252350210163
-1.4074352604541591,0.5703252350210163,-1.401682689453405,0.5801873786445944
-1.401682689453405,0.5801873786445944,-1.3958315454337642,0.5900397558417197
-1.3958315454337642,0.5900397558417197,-1.3898819285756578,0.5998818606271712
-1.3898819285756578,0.5998818606271712,-1.3838339442023242,0.6097131703883144
-1.3838339442023242,0.6097131703883144,-1.3776877029471126,0.6195331456823924
-1.3776877029471126,0.6195331456823924,-1.3714433209227705,0.6293412300403031
-1.3714433209227705,0.6293412300403031,-1.365100919892661,0.6391368497771661
-1.365100919892661,0.6391368497771661,-1.3586606274438366,0.6489194138099874
-1.3586606274438366,0.6489194138099874,-1.3521225771619036,0.6586883134827377
-1.3521225771619036,0.6586883134827377,-1.345486908807593,0.6684429223991661
-1.345486908807593,0.6684429223991661,-1.3387537684949657,0.6781825962636783
-1.3387537684949657,0.6781825962636783,-1.3319233088711673,0.6879066727306126
-1.3319233088711673,0.6879066727306126,-1.3249956892976456,0.6976144712622551
-1.3249956892976456,0.6976144712622551,-1.3179710760327432,0.7073052929959392
-1.3179710760327432,0.7073052929959392,-1.3108496424155731,0.7169784206205805
-1.3108496424155731,0.7169784206205805,-1.3036315690510785,0.7266331182630016
-1.3036315690510785,0.7266331182630016,-1.2963170439961809,0.7362686313844097
-1.2963170439961809,0.7362686313844097,-1.2889062629469095,0.7458841866873875
-1.2889062629469095,0.7458841866873875,-1.281399429426408,0.7554789920337686
-1.281399429426408,0.7554789920337686,-1.2737967549737053,0.7650522363737643
-1.2737967549737053,0.7650522363737643,-1.2660984593331384,0.77460308968672
-1.2660984593331384,0.77460308968672,-1.2583047706443067,0.7841307029338723
-1.2583047706443067,0.7841307029338723,-1.2504159256324388,0.7936342080234869
-1.2504159256324388,0.7936342080234869,-1.2424321697990426,0.803112717788754
-1.2424321697990426,0.803112717788754,-1.2343537576127128,0.8125653259788206
-1.2343537576127128,0.8125653259788206,-1.2261809526999594,0.8219911072633369
-1.2261809526999594,0.8219911072633369,-1.2179140280359224,0.8313891172508964
-1.2179140280359224,0.8313891172508964,-1.2095532661348312,0.8407583925217424
-1.2095532661348312,0.8407583925217424,-1.2010989592400632,0.850097950675118
-1.2010989592400632,0.850097950675118,-1.1925514095136547,0.859406790391626
-1.1925514095136547,0.859406790391626,-1.1839109292251122,0.8686838915109705
-1.1839109292251122,0.8686838915109705,-1.1751778409393667,0.8779282151254363
-1.1751778409393667,0.8779282151254363,-1.1663524777037138,0.8871387036894683
-1.1663524777037138,0.8871387036894683,-1.1574351832335752,0.8963142811456972
-1.1574351832335752,0.8963142811456972,-1.1484263120969178,0.905453853067756
-1.1484263120969178,0.905453853067756,-1.1393262298971578,0.9145563068202226
-1.1393262298971578,0.9145563068202226,-1.1301353134543792,0.9236205117360136
-1.1301353134543792,0.9236205117360136,-1.1208539509846895,0.9326453193115458
-1.1208539509846895,0.9326453193115458,-1.1114825422775334,0.9416295634199702
-1.1114825422775334,0.9416295634199702,-1.1020214988707835,0.950572060542771
-1.1020214988707835,0.950572060542771,-1.092471244223421,0.9594716100200108
-1.092471244223421,0.9594716100200108,-1.08283221388562,0.9683269943194867
-1.08283221388562,0.9683269943194867,-1.0731048556660443,0.9771369793250494
-1.0731048556660443,0.9771369793250494,-1.0632896297961656,0.9859003146443202
-1.0632896297961656,0.9859003146443202,-1.0533870090914046,0.9946157339360227
-1.0533870090914046,0.9946157339360227,-1.043397479108901,1.0032819552571306
-1.043397479108901,1.0032819552571306,-1.0333215383017118,1.011897681430011
-1.0333215383017118,1.011897681430011,-1.0231596981692388,1.0204616004297224
-1.0231596981692388,1.0204616004297224,-1.0129124834036796,1.0289723857916098
-1.0129124834036796,1.0289723857916098,-1.002580432032302,1.037428697039307
-1.002580432032302,1.037428697039307,-0.9921640955553359,1.0458291801332458
-0.9921640955553359,1.0458291801332458,-0.981664039079277,1.0541724679397357
-0.981664039079277,1.0541724679397357,-0.9710808414453966,1.0624571807206575
-0.9710808414453966,1.0624571807206575,-0.9604150953532518,1.0706819266437886
-0.9604150953532518,1.0706819266437886,-0.9496674074789884,1.078845302313746
-0.9496674074789884,1.078845302313746,-0.9388383985882327,1.08694589332351
-0.9388383985882327,1.08694589332351,-0.9279287036433644,1.0949822748264557
-0.9279287036433644,1.0949822748264557,-0.9169389719049673,1.1029530121287934
-0.9169389719049673,1.1029530121287934,-0.9058698670272544,1.110856661302289
-0.9058698670272544,1.110856661302289,-0.8947220671472648,1.1186917698170973
-0.8947220671472648,1.1186917698170973,-0.8834962649676324,1.1264568771945138
-0.8834962649676324,1.1264568771945138,-0.872193167832729,1.1341505156794154
-0.872193167832729,1.1341505156794154,-0.8608134977979848,1.141771210932125
-0.8608134977979848,1.141771210932125,-0.8493579916921948,1.1493174827394002
-0.8493579916921948,1.1493174827394002,-0.8378274011726216,1.1567878457442136
-0.8378274011726216,1.1567878457442136,-0.8262224927727067,1.1641808101939504
-0.8262224927727067,1.1641808101939504,-0.8145440479422107,1.1714948827066194
-0.8145440479422107,1.1714948827066194,-0.8027928630796025,1.178728567054632
-0.8027928630796025,1.178728567054632,-0.7909697495565249,1.1858803649656662
-0.7909697495565249,1.1858803649656662,-0.7790755337341682,1.1929487769401006
-0.7790755337341682,1.1929487769401006,-0.7671110569713891,1.1999323030844584
-0.7671110569713891,1.1999323030844584,-0.7550771756244182,1.2068294439602705
-0.7550771756244182,1.2068294439602705,-0.7429747610380028,1.2136387014477261
-0.7429747610380028,1.2136387014477261,-0.7308046995278431,1.2203585796234415
-0.7308046995278431,1.2203585796234415,-0.7185678923541836,1.226987585651641
-0.7185678923541836,1.226987585651641,-0.7062652556864274,1.2335242306880103
-0.7062652556864274,1.2335242306880103,-0.6938977205586523,1.239967030795441
-0.6938977205586523,1.239967030795441,-0.681466232815914,1.2463145078708522
-0.681466232815914,1.2463145078708522,-0.6689717530512285,1.2525651905822408
-0.6689717530512285,1.2525651905822408,-0.6564152565331366,1.2587176153150745
-0.6564152565331366,1.2587176153150745,-0.6437977331237621,1.2647703271271118
-0.6437977331237621,1.2647703271271118,-0.6311201871872828,1.2707218807106964
-0.6311201871872828,1.2707218807106964,-0.6183836374887461,1.2765708413615457
-0.6183836374887461,1.2765708413615457,-0.605589117083168,1.2823157859530214
-0.605589117083168,1.2823157859530214,-0.5927376731948659,1.2879553039148381
-0.5927376731948659,1.2879553039148381,-0.5798303670869878,1.2934879982151435
-0.5798303670869878,1.2934879982151435,-0.5668682739212068,1.2989124863448733
-0.5668682739212068,1.2989124863448733,-0.5538524826075667,1.304227401303262
-0.5538524826075667,1.304227401303262,-0.5407840956444709,1.3094313925833632
-0.5407840956444709,1.3094313925833632,-0.5276642289488208,1.3145231271564195
-0.5276642289488208,1.3145231271564195,-0.5144940116763211,1.319501290453895
-0.5144940116763211,1.319501290453895,-0.5012745860319822,1.3243645873459704
-0.5012745860319822,1.3243645873459704,-0.4880071070708591,1.3291117431152863
-0.4880071070708591,1.3291117431152863,-0.4746927424890833,1.3337415044247019
-0.4746927424890833,1.3337415044247019,-0.4613326724052507,1.3382526402778325
-0.4613326724052507,1.3382526402778325,-0.4479280891322467,1.3426439429711148
-0.4479280891322467,1.3426439429711148,-0.43448019693959716,1.3469142290361458
-0.43448019693959716,1.3469142290361458,-0.42099021180645074,1.3510623401710378
-0.42099021180645074,1.3510623401710378,-0.4074593611653073,1.3550871441595274
-0.4074593611653073,1.3550871441595274,-0.3938888836366217,1.3589875357765826
-0.3938888836366217,1.3589875357765826,-0.38028002875442485,1.3627624376792509
-0.38028002875442485,1.3627624376792509,-0.3666340566831144,1.3664108012815026
-0.3666340566831144,1.3664108012815026,-0.3529522379255828,1.369931607611829
-0.3529522379255828,1.369931607611829,-0.3392358530228606,1.3733238681523692
-0.3392358530228606,1.3733238681523692,-0.3254861922454659,1.3765866256583517
-0.3254861922454659,1.3765866256583517,-0.31170455527666263,1.379718954956659
-0.31170455527666263,1.379718954956659,-0.29789225088784266,1.3827199637223364
-0.29789225088784266,1.3827199637223364,-0.28405059660625775,1.3855887932318938
-0.28405059660625775,1.3855887932318938,-0.27018091837533953,1.3883246190922744
-0.27018091837533953,1.3883246190922744,-0.2562845502078557,1.39092665194439
-0.2562845502078557,1.39092665194439,-0.2423628338321626,1.393394138140153
-0.2423628338321626,1.393394138140153,-0.22841711833182454,1.3957263603919723
-0.22841711833182454,1.3957263603919723,-0.21444875977887973,1.397922638393711
-0.21444875977887973,1.397922638393711,-0.2004591208610435,1.3999823294121427
-0.2004591208610435,1.3999823294121427,-0.18644957050314837,1.4019048288479885
-0.18644957050314837,1.4019048288479885,-0.1724214834831293,1.403689570765651
-0.1724214834831293,1.403689570765651,-0.15837624004287193,1.4053360283908138
-0.15837624004287193,1.4053360283908138,-0.14431522549424852,1.4068437145751194
-0.14431522549424852,1.4068437145751194,-0.13023982982067506,1.4082121822271831
-0.13023982982067506,1.4082121822271831,-0.1161514472745292,1.4094410247092606
-0.1161514472745292,1.4094410247092606,-0.10205147597077607,1.4105298761989278
-0.10205147597077607,1.4105298761989278,-0.08794131747715468,1.4114784120151962
-0.08794131747715468,1.4114784120151962,-0.07382237640128311,1.4122863489085362
-0.07382237640128311,1.4122863489085362,-0.05969605997504602,1.4129534453143384
-0.05969605997504602,1.4129534453143384,-0.045563777636632,1.4134795015694042
-0.045563777636632,1.4134795015694042,-0.031426940610592397,1.4138643600911123
-0.031426940610592397,1.4138643600911123,-0.017286961486296354,1.414107905518971
-0.017286961486296354,1.414107905518971,-0.0031452537951593435,1.4142100648183251
-0.0031452537951593435,1.4142100648183251,0.010996768412975387,1.4141708073460486
0.010996768412975387,1.4141708073460486,0.025137690993921755,1.4139901448781145
0.025137690993921755,1.4139901448781145,0.039276100133320654,1.4136681315989998
0.039276100133320654,1.4136681315989998,0.05341058277051305,1.4132048640529407
0.05341058277051305,1.4132048640529407,0.06753972702173514,1.412600481057116
0.06753972702173514,1.412600481057116,0.08166212260225562,1.4118551635769057
0.08166212260225562,1.4118551635769057,0.0957763612470767,1.4109691345634219
0.0957763612470767,1.4109691345634219,0.10988103712982283,1.4099426587535808
0.10988103712982283,1.4099426587535808,0.12397474727944427,1.408776042433039
0.12397474727944427,1.408776042433039,0.1380560919943658,1.4074696331623786
0.1380560919943658,1.4074696331623786,0.15212367525371553,1.4060238194669843
0.15212367525371553,1.4060238194669843,0.16617610512527276,1.4044390304911145
0.16617610512527276,1.4044390304911145,0.18021199416977998,1.402715735616721
0.18021199416977998,1.402715735616721,0.19422995984126942,1.4008544440476307
0.19422995984126942,1.4008544440476307,0.2082286248830607,1.3988557043597534
0.2082286248830607,1.3988557043597534,0.22220661771909392,1.396720104018032
0.22220661771909392,1.396720104018032,0.23616257284026898,1.3944482688609012
0.23616257284026898,1.3944482688609012,0.25009513118547044,1.3920408625530694
0.25009513118547044,1.3920408625530694,0.26400294051696543,1.3894985860074804
0.26400294051696543,1.3894985860074804,0.2778846557898708,1.386822176777363
0.2778846557898708,1.386822176777363,0.291738939515395,1.3840124084193064
0.291738939515395,1.3840124084193064,0.30556446211757005,1.3810700898283519
0.30556446211757005,1.3810700898283519,0.3193599022831988,1.3779960645461156
0.3193599022831988,1.3779960645461156,0.3331239473047529,1.3747912100429989
0.3331239473047529,1.3747912100429989,0.3468552934159676,1.371456436975573
0.3468552934159676,1.371456436975573,0.3605526461198913,1.367992688420251
0.3605526461198913,1.367992688420251,0.3742147205091577,1.3644009390843905
0.3742147205091577,1.3644009390843905,0.38784024157826125,1.3606821944959924
0.38784024157826125,1.3606821944959924,0.40142794452762703,1.3568374901731803
0.40142794452762703,1.3568374901731803,0.4149765750592799,1.3528678907746687
0.4149765750592799,1.3528678907746687,0.42848488966392795,1.3487744892324378
0.42848488966392795,1.3487744892324378,0.44195165589928925,1.3445584058678504
0.44195165589928925,1.3445584058678504,0.45537565265950164,1.3402207874924559
0.45537565265950164,1.3402207874924559,0.4687556704354697,1.3357628064947311
0.4687556704354697,1.3357628064947311,0.48209051156601374,1.3311856599140173
0.48209051156601374,1.3311856599140173,0.4953789904796996,1.3264905685029114
0.4953789904796996,1.3264905685029114,0.5086199339272397,1.3216787757793715
0.5086199339272397,1.3216787757793715,0.521812181204369,1.316751547069794
0.521812181204369,1.316751547069794,0.5349545843651121,1.3117101685443118
0.5349545843651121,1.3117101685443118,0.548046008425369,1.306555946245562
0.548046008425369,1.306555946245562,0.5610853315567617,1.301290205112153
0.5610853315567617,1.301290205112153,0.5740714452706933,1.295914287998056
0.5740714452706933,1.295914287998056,0.5870032545925868,1.2904295546891273
0.5870032545925868,1.2904295546891273,0.5998796782262787,1.2848373809179554
0.5998796782262787,1.2848373809179554,0.612699648708558,1.279139157378203
0.612699648708558,1.279139157378203,0.6254621125538505,1.2733362887395983
0.6254621125538505,1.2733362887395983,0.6381660303890624,1.267430192664707
0.6381660303890624,1.267430192664707,0.650810377078603,1.261422298828589
0.650810377078603,1.261422298828589,0.6633941418396248,1.2553140479424245
0.6633941418396248,1.2553140479424245,0.6759163283475226,1.24910689078216
0.6759163283475226,1.24910689078216,0.68837595483175,1.2428022872232023
0.68837595483175,1.2428022872232023,0.7007720541620157,1.236401705282154
0.7007720541620157,1.236401705282154,0.7131036739249376,1.2299066201665578
0.7131036739249376,1.2299066201665578,0.7253698764912374,1.2233185133335782
0.7253698764912374,1.2233185133335782,0.7375697390735712,1.2166388715585241
0.7375697390735712,1.2166388715585241,0.7497023537750975,1.209869186014074
0.7497023537750975,1.209869186014074,0.761766827628895,1.203010951361035
0.761766827628895,1.203010951361035,0.7737622826283487,1.1960656648514316
0.7737622826283487,1.1960656648514316,0.7856878557486314,1.1890348254446814
0.7856878557486314,1.1890348254446814,0.7975426989594163,1.18191993293758
0.7975426989594163,1.18191993293758,0.8093259792289603,1.1747224871087805
0.8093259792289603,1.1747224871087805,0.8210368785197083,1.167443986878415
0.8210368785197083,1.167443986878415,0.8326745937755711,1.160085929483469
0.8326745937755711,1.160085929483469,0.8442383369010387,1.1526498096694793
0.8442383369010387,1.1526498096694793,0.8557273347322943,1.1451371188990953
0.8557273347322943,1.1451371188990953,0.8671408290005009,1.1375493445779963
0.8671408290005009,1.1375493445779963,0.8784780762874344,1.1298879692986283
0.8784780762874344,1.1298879692986283,0.8897383479736461,1.1221544701021844
0.8897383479736461,1.1221544701021844,0.9009209301793382,1.1143503177592133
0.9009209301793382,1.1143503177592133,0.912025123698138,1.1064769760692097
0.912025123698138,1.1064769760692097,0.9230502439239671,1.0985359011794986
0.9230502439239671,1.0985359011794986,0.9339956207711944,1.090528540923696
0.9339956207711944,1.090528540923696,0.9448605985882743,1.0824563341799884
0.9448605985882743,1.0824563341799884,0.9556445360650674,1.074320710249445
0.9556445360650674,1.074320710249445,0.9663468061340446,1.066123088254538
0.9663468061340446,1.066123088254538,0.9769667958655786,1.057864876558019
0.9769667958655786,1.057864876558019,0.9875039063575266,1.0495474722022626
0.9875039063575266,1.0495474722022626,0.9979575526193085,1.0411722603691633
0.9979575526193085,1.0411722603691633,1.0083271634506876,1.032740613860635
1.0083271634506876,1.032740613860635,1.0186121813154592,1.0242538925997413
1.0186121813154592,1.0242538925997413,1.0288120622102537,1.01571344315245
1.0288120622102537,1.01571344315245,1.0389262755286603,1.0071205982699813
1.0389262755286603,1.0071205982699813,1.0489543039208769,0.9984766764516939
1.0489543039208769,0.9984766764516939,1.0588956431490908,0.9897829815284251
1.0588956431490908,0.9897829815284251,1.0687498019387958,0.981040802266181
1.0687498019387958,0.981040802266181,1.0785163018262456,0.9722514119900462
1.0785163018262456,0.9722514119900462,1.0881946770022488,0.9634160682281635
1.0881946770022488,0.9634160682281635,1.097784474152502,0.9545360123756113
1.097784474152502,0.9545360123756113,1.1072852522946606,0.9456124693779872
1.1072852522946606,0.9456124693779872,1.1166965826123432,0.9366466474344891
1.1166965826123432,0.9366466474344891,1.1260180482862636,0.9276397377202655
1.1260180482862636,0.9276397377202655,1.1352492443226818,0.9185929141277901
1.1352492443226818,0.9185929141277901,1.1443897773793614,0.9095073330270028
1.1443897773793614,0.9095073330270028,1.1534392655892232,0.9003841330439425
1.1534392655892232,0.9003841330439425,1.1623973383818746,0.8912244348575833
1.1623973383818746,0.8912244348575833,1.1712636363031983,0.8820293410145765
1.1712636363031983,0.8820293410145765,1.180037810833176,0.872799935761585
1.180037810833176,0.872799935761585,1.1887195242021222,0.8635372848948898
1.1887195242021222,0.8635372848948898,1.1973084492054995,0.8542424356269372
1.1973084492054995,0.8542424356269372,1.205804269017482,0.8449164164694877
1.205804269017482,0.8449164164694877,1.214206677003432,0.8355602371330179
1.214206677003432,0.8355602371330179,1.2225153765314511,0.8261748884420237
1.2225153765314511,0.8261748884420237,1.2307300807831612,0.8167613422658634
1.2307300807831612,0.8167613422658634,1.2388505125638707,0.8073205514647767
1.2388505125638707,0.8073205514647767,1.2468764041122762,0.7978534498507103
1.2468764041122762,0.7978534498507103,1.2548074969098426,0.7883609521625788
1.2548074969098426,0.7883609521625788,1.2626435414900088,0.7788439540555848
1.2626435414900088,0.7788439540555848,1.2703842972473542,0.7693033321042216
1.2703842972473542,0.7693033321042216,1.2780295322468622,0.7597399438185819
1.2780295322468622,0.7597399438185819,1.2855790230334112,0.7501546276735912
1.2855790230334112,0.7501546276735912,1.2930325544416224,0.740548203150791
1.2930325544416224,0.740548203150791,1.300389919406185,0.7309214707922903
1.300389919406185,0.7309214707922903,1.3076509187727816,0.7212752122665129
1.3076509187727816,0.7212752122665129,1.3148153611097275,0.7116101904453626
1.3148153611097275,0.7116101904453626,1.3218830625204372,0.7019271494924362
1.3218830625204372,0.7019271494924362,1.3288538464568276,0.6922268149619155
1.3288538464568276,0.6922268149619155,1.335727543533761,0.682509893907771
1.335727543533761,0.682509893907771,1.3425039913446308,0.6727770750029157
1.3425039913446308,0.6727770750029157,1.3491830342781868,0.6630290286679535
1.3491830342781868,0.6630290286679535,1.3557645233366946,0.6532664072091655
1.3557645233366946,0.6532664072091655,1.3622483159555192,0.6434898449653892
1.3622483159555192,0.6434898449653892,1.3686342758242211,0.6336999584634466
1.3686342758242211,0.6336999584634466,1.3749222727092474,0.6238973465817845
1.3749222727092474,0.6238973465817845,1.3811121822782992,0.6140825907219953
1.3811121822782992,0.6140825907219953,1.3872038859264524,0.6042562549878941
1.3872038859264524,0.6042562549878941,1.3931972706041056,0.5944188863718333
1.3931972706041056,0.5944188863718333,1.3990922286468257,0.5845710149479427
1.3990922286468257,0.5845710149479427,1.4048886576071604,0.5747131540719909
1.4048886576071604,0.5747131540719909,1.4105864600884794,0.5648458005875681
1.4105864600884794,0.5648458005875681,1.4161855435809092,0.5549694350383024
1.4161855435809092,0.5549694350383024,1.421685820299419,0.5450845218858232
1.421685820299419,0.5450845218858232,1.4270872070241125,0.5351915097331975
1.4270872070241125,0.5351915097331975,1.4323896249427825,0.5252908315535695
1.4323896249427825,0.5252908315535695,1.4375929994957746,0.5153829049237432
1.4375929994957746,0.5153829049237432,1.4426972602232113,0.5054681322624538
1.4426972602232113,0.5054681322624538,1.4477023406146223,0.495546901073083
1.4477023406146223,0.495546901073083,1.4526081779610212,0.48561958419057955
1.4526081779610212,0.48561958419057955,1.4574147132094726,0.4756865400323549
1.4574147132094726,0.4756865400323549,1.4621218908201872,0.4657481128529318
1.4621218908201872,0.4657481128529318,1.4667296586261807,0.4558046330021301
1.4667296586261807,0.4558046330021301,1.4712379676955318,0.4458564171865837
1.4712379676955318,0.4458564171865837,1.4756467721962716,0.43590376873438763
1.4756467721962716,0.43590376873438763,1.4799560292639324,0.42594697786268465
1.4799560292639324,0.42594697786268465,1.4841656988717893,0.41598632194800556
1.4841656988717893,0.41598632194800556,1.488275743703815,0.4060220657991874
1.488275743703815,0.4060220657991874,1.492286129030379,0.39605446193269866
1.492286129030379,0.39605446193269866,1.4961968225867088,0.3860837508502097
1.4961968225867088,0.3860837508502097,1.5000077944541395,0.37611016131825287
1.5000077944541395,0.37611016131825287,1.5037190169441679,0.3661339106498244
1.5037190169441679,0.3661339106498244,1.5073304644853336,0.3561552049877859
1.5073304644853336,0.3561552049877859,1.510842113512941,0.3461742395899318
1.510842113512941,0.3461742395899318,1.514253942361641,0.33619119911559464
1.514253942361641,0.33619119911559464,1.5175659311608847,0.3262062579136666
1.5175659311608847,0.3262062579136666,1.5207780617332651,0.31621958031192293
1.5207780617332651,0.31621958031192293,1.5238903174957574,0.3062313209075382
1.5238903174957574,0.3062313209075382,1.5269026833638704,0.29624162485869304
1.5269026833638704,0.29624162485869304,1.529815145658718,0.28625062817717495
1.529815145658718,0.28625062817717495,1.5326276920170228,0.27625845802188215
1.5326276920170228,0.27625845802188215,1.535340311304058,0.26626523299314553
1.535340311304058,0.26626523299314553,1.5379529935295364,0.256271063427789
1.5379529935295364,0.256271063427789,1.5404657297664535,0.24627605169485378
1.5404657297664535,0.24627605169485378,1.5428785120728907,0.2362802924919177
1.5428785120728907,0.2362802924919177,1.5451913334167844,0.22628387314194487
1.5451913334167844,0.22628387314194487,1.5474041876036664,0.21628687389060647
1.5474041876036664,0.21628687389060647,1.549517069207379,0.20628936820401766
1.549517069207379,0.20628936820401766,1.55152997350377,0.1962914230668403
1.55152997350377,0.1962914230668403,1.5534428964073697,0.18629309928070498
1.5534428964073697,0.18629309928070498,1.555255834411054,0.17629445176291048
1.555255834411054,0.17629445176291048,1.5569687845286961,0.16629552984536233
1.5569687845286961,0.16629552984536233,1.558581744240807,0.15629637757371567
1.558581744240807,0.15629637757371567,1.5600947114431702,0.14629703400669153
1.5600947114431702,0.14629703400669153,1.5615076843984699,0.13629753351553878
1.5615076843984699,0.13629753351553878,1.562820661690913,0.12629790608361693
1.562820661690913,0.12629790608361693,1.5640336421838497,0.11629817760607844
1.5640336421838497,0.11629817760607844,1.5651466249803894,0.10629837018963116
1.5651466249803894,0.10629837018963116,1.5661596093870158,0.09629850245236506
1.5661596093870158,0.09629850245236506,1.5670725948801998,0.08629858982362887
1.5670725948801998,0.08629858982362887,1.5678855810760115,0.07629864484394522
1.5678855810760115,0.07629864484394522,1.5685985677027323,0.06629867746495421
1.5685985677027323,0.06629867746495421,1.5692115545764649,0.056298695349377766
1.5692115545764649,0.056298695349377766,1.569724541579745,0.04629870417099821
1.569724541579745,0.04629870417099821,1.5701375286431511,0.03629870791464646
1.5701375286431511,0.03629870791464646,1.5704505157299156,0.026298709176196033
1.5704505157299156,0.026298709176196033,1.570663502823534,0.0162987094625604
1.570663502823534,0.0162987094625604,1.5707764899183772,0.0062987094916920686
1.5707764899183772,0.0062987094916920686,1.5707894770133,-0.0037012905074177097
1.5707894770133,-0.0037012905074177097,1.5707024641082528,-0.01370129049473896
1.5707024641082528,-0.01370129049473896,1.570515451203891,-0.02370129031920299
1.570515451203891,-0.02370129031920299,1.5702284383041865,-0.03370128941870242
1.5702284383041865,-0.03370128941870242,1.569841425422037,-0.04370128652009135
1.569841425422037,-0.04370128652009135,1.569354412587877,-0.05370127933918606
1.569354412587877,-0.05370127933918606,1.5687673998612879,-0.06370126428076707
1.5687673998612879,-0.06370126428076707,1.5680803873456086,-0.07370123613858404
1.5680803873456086,-0.07370123613858404,1.5672933752055458,-0.08370118779536583
1.5672933752055458,-0.08370118779536583,1.5664063636877836,-0.09370110992283892
1.5664063636877836,-0.09370110992283892,1.565419353144594,-0.10370099068175892
1.565419353144594,-0.10370099068175892,1.5643323440604455,-0.1137008154219608
1.5643323440604455,-0.1137008154219608,1.5631453370816135,-0.1237005663824356
1.5631453370816135,-0.1237005663824356,1.5618583330487865,-0.13370022239144266
1.5618583330487865,-0.13370022239144266,1.5604713330326736,-0.14369975856666878
1.5604713330326736,-0.14369975856666878,1.5589843383726092,-0.1536991460154475
1.5589843383726092,-0.1536991460154475,1.5573973507181549,-0.16369835153505435
1.5573973507181549,-0.16369835153505435,1.5557103720736982,-0.17369733731309617
1.5557103720736982,-0.17369733731309617,1.5539234048460469,-0.18369606062801558
1.5539234048460469,-0.18369606062801558,1.5520364518950172,-0.1936944735497343
1.5520364518950172,-0.1936944735497343,1.5500495165870158,-0.20369252264046234
1.5500495165870158,-0.20369252264046234,1.5479626028516118,-0.21369014865570332
1.5479626028516118,-0.21369014865570332,1.5457757152410974,-0.22368728624548928
1.5457757152410974,-0.22368728624548928,1.543488858993036,-0.2336838636558827
1.543488858993036,-0.2336838636558827,1.5411020400957927,-0.2436798024307866
1.5411020400957927,-0.2436798024307866,1.5386152653570455,-0.25367501711410795
1.5386152653570455,-0.25367501711410795,1.536028542475273,-0.26366941495232366
1.536028542475273,-0.26366941495232366,1.5333418801142138,-0.273662895597503
1.5333418801142138,-0.273662895597503,1.5305552879802928,-0.2836553508108446
1.5305552879802928,-0.2836553508108446,1.5276687769030108,-0.29364666416679114
1.5276687769030108,-0.29364666416679114,1.5246823589182885,-0.30363671075778964
1.5246823589182885,-0.30363671075778964,1.5215960473547594,-0.3136253568997703
1.5215960473547594,-0.3136253568997703,1.5184098569230047,-0.3236124598384219
1.5184098569230047,-0.3236124598384219,1.5151238038077202,-0.3335978674563485
1.5151238038077202,-0.3335978674563485,1.511737905762808,-0.3435814179811949
1.511737905762808,-0.3435814179811949,1.5082521822093804,-0.3535629396948379
1.5082521822093804,-0.3535629396948379,1.5046666543366674,-0.36354225064374257
1.5046666543366674,-0.36354225064374257,1.5009813452058132,-0.3735191583505921
1.5009813452058132,-0.3735191583505921,1.4971962798565506,-0.38349345952730285
1.4971962798565506,-0.38349345952730285,1.4933114854167375,-0.39346493978954594
1.4933114854167375,-0.39346493978954594,1.4893269912147395,-0.4034333733728999
1.4893269912147395,-0.4034333733728999,1.4852428288946429,-0.4133985228507683
1.4852428288946429,-0.4133985228507683,1.4810590325342792,-0.42336013885420115
1.4810590325342792,-0.42336013885420115,1.476775638766041,-0.43331795979376736
1.476775638766041,-0.43331795979376736,1.4723926869004678,-0.44327171158363055
1.4723926869004678,-0.44327171158363055,1.4679102190525812,-0.45322110736799004
1.4679102190525812,-0.45322110736799004,1.4633282802709404,-0.463165847250054
1.4633282802709404,-0.463165847250054,1.4586469186693967,-0.47310561802372025
1.4586469186693967,-0.47310561802372025,1.4538661855615163,-0.4830400929081475
1.4538661855615163,-0.4830400929081475,1.448986135597642,-0.4929689312854064
1.448986135597642,-0.4929689312854064,1.4440068269045623,-0.5028917784414091
1.4440068269045623,-0.5028917784414091,1.4389283212277535,-0.5128082653103213
1.4389283212277535,-0.5128082653103213,1.4337506840761605,-0.5227180082226708
1.4337506840761605,-0.5227180082226708,1.4284739848694756,-0.5326206086573727
1.4284739848694756,-0.5326206086573727,1.4230982970878783,-0.5425156529978992
1.4230982970878783,-0.5425156529978992,1.41762369842419,-0.5524027122928303
1.41762369842419,-0.5524027122928303,1.4120502709384006,-0.5622813420210302
1.4120502709384006,-0.5622813420210302,1.4063781012145213,-0.5721510818616978
1.4063781012145213,-0.5721510818616978,1.4006072805197076,-0.5820114554695545
1.4006072805197076,-0.5820114554695545,1.3947379049656072,-0.5918619702554317
1.3947379049656072,-0.5918619702554317,1.388770075671872,-0.6017021171725364
1.388770075671872,-0.6017021171725364,1.3827038989317777,-0.6115313705086721
1.3827038989317777,-0.6115313705086721,1.3765394863798919,-0.6213491876847081
1.3765394863798919,-0.6213491876847081,1.3702769551617233,-0.63115500905959
1.3702769551617233,-0.63115500905959,1.3639164281052878,-0.6409482577421967
1.3639164281052878,-0.6409482577421967,1.3574580338945197,-0.650728339410353
1.3574580338945197,-0.650728339410353,1.3509019072444568,-0.6604946421373156
1.3509019072444568,-0.6604946421373156,1.3442481890781208,-0.6702465362260535
1.3442481890781208,-0.6702465362260535,1.3374970267050155,-0.6799833740516551
1.3374970267050155,-0.6799833740516551,1.3306485740011578,-0.6897044899121962
1.3306485740011578,-0.6897044899121962,1.3237029915905578,-0.6994091998884098
1.3237029915905578,-0.6994091998884098,1.3166604470280556,-0.7090968017125049
1.3166604470280556,-0.7090968017125049,1.3095211149834223,-0.7187665746464865
1.3095211149834223,-0.7187665746464865,1.3022851774266306,-0.7284177793703324
1.3022851774266306,-0.7284177793703324,1.2949528238141912,-0.738049657880388
1.2949528238141912,-0.738049657880388,1.287524251276453,-0.7476614333983447
1.287524251276453,-0.7476614333983447,1.27999966480576,-0.7572523102911684
1.27999966480576,-0.7572523102911684,1.2723792774453513,-0.7668214740023513
1.2723792774453513,-0.7668214740023513,1.264663310478891,-0.7763680909948605
1.264663310478891,-0.7763680909948605,1.2568519936205085,-0.7858913087061573
1.2568519936205085,-0.7858913087061573,1.2489455652052275,-0.7953902555156683
1.2489455652052275,-0.7953902555156683,1.2409442723796547,-0.8048640407250831
1.2409442723796547,-0.8048640407250831,1.2328483712928013,-0.814311754551859
1.2328483712928013,-0.814311754551859,1.224658127286902,-0.8237324681363106
1.224658127286902,-0.8237324681363106,1.2163738150880912,-0.8331252335626611
1.2163738150880912,-0.8331252335626611,1.207995718996801,-0.8424890838944314
1.207995718996801,-0.8424890838944314,1.1995241330777286,-0.8518230332245397
1.1995241330777286,-0.8518230332245397,1.1909593613492306,-0.8611260767404806
1.1909593613492306,-0.8611260767404806,1.182301717971986,-0.8703971908049519
1.182301717971986,-0.8703971908049519,1.1735515274367754,-0.8796353330522874
1.1735515274367754,-0.8796353330522874,1.164709124751216,-0.8888394425010527
1.164709124751216,-0.8888394425010527,1.1557748556252871,-0.8980084396831537
1.1557748556252871,-0.8980084396831537,1.1467490766554813,-0.9071412267897967
1.1467490766554813,-0.9071412267897967,1.1376321555074096,-0.9162366878346367
1.1376321555074096,-0.9162366878346367,1.1284244710966895,-0.9252936888344363
1.1284244710966895,-0.9252936888344363,1.1191264137679353,-0.9343110780075481
1.1191264137679353,-0.9343110780075481,1.1097383854716754,-0.9432876859905264
1.1097383854716754,-0.9432876859905264,1.1002607999390097,-0.9522223260731562
1.1002607999390097,-0.9522223260731562,1.090694082853825,-0.9611137944521781
1.090694082853825,-0.9611137944521781,1.0810386720223777,-0.9699608705039731
1.0810386720223777,-0.9699608705039731,1.071295017540054,-0.9787623170764532
1.071295017540054,-0.9787623170764532,1.0614635819551141,-0.9875168808003936
1.0614635819551141,-0.9875168808003936,1.0515448404292258,-0.9962232924204165
1.0515448404292258,-0.9962232924204165,1.0415392808945874,-1.0048802671458266
1.0415392808945874,-1.0048802671458266,1.031447404207444,-1.0134865050214725
1.031447404207444,-1.0134865050214725,1.0212697242977937,-1.022040691318792
1.0212697242977937,-1.022040691318792,1.0110067683150818,-1.0305414969471747
1.0110067683150818,-1.0305414969471747,1.0006590767696792,-1.0389875788857539
1.0006590767696792,-1.0389875788857539,0.9902272036699409,-1.0473775806357182
0.9902272036699409,-1.0473775806357182,0.9797117166546376,-1.0557101326932028
0.9797117166546376,-1.0557101326932028,0.9691131971205567,-1.063983853042802
0.9691131971205567,-1.063983853042802,0.9584322403450631,-1.0721973476717117
0.9584322403450631,-1.0721973476717117,0.9476694556034178,-1.0803492111044843
0.9476694556034178,-1.0803492111044843,0.9368254662806436,-1.0884380269583545
0.9368254662806436,-1.0884380269583545,0.9259009099777372,-1.0964623685190553
0.9259009099777372,-1.0964623685190553,0.9148964386120196,-1.104420799337024
0.9148964386120196,-1.104420799337024,0.9038127185114239,-1.1123118738438569
0.9038127185114239,-1.1123118738438569,0.8926504305025171,-1.1201341379888439
0.8926504305025171,-1.1201341379888439,0.8814102699920586,-1.1278861298953842
0.8814102699920586,-1.1278861298953842,0.870092947041894,-1.1355663805370415
0.870092947041894,-1.1355663805370415,0.8586991864369928,-1.1431734144329713
0.8586991864369928,-1.1431734144329713,0.8472297277464361,-1.1507057503624143
0.8472297277464361,-1.1507057503624143,0.8356853253771647,-1.1581619020979133
0.8356853253771647,-1.1581619020979133,0.8240667486203032,-1.165540379156877
0.8240667486203032,-1.165540379156877,0.8123747816898791,-1.1728396875710767
0.8123747816898791,-1.1728396875710767,0.8006102237537586,-1.1800583306736234
0.8006102237537586,-1.1800583306736234,0.7887738889566267,-1.1871948099029404
0.7887738889566267,-1.1871948099029404,0.7768666064348463,-1.1942476256232015
0.7768666064348463,-1.1942476256232015,0.7648892203230312,-1.2012152779606757
0.7648892203230312,-1.2012152779606757,0.7528425897521799,-1.2080962676553753
0.7528425897521799,-1.2080962676553753,0.740727588839218,-1.2148890969273698
0.740727588839218,-1.2148890969273698,0.7285451066678081,-1.2215922703570927
0.7285451066678081,-1.2215922703570927,0.7162960472602887,-1.2282042957789236
0.7162960472602887,-1.2282042957789236,0.7039813295406141,-1.2347236851873027
0.7039813295406141,-1.2347236851873027,0.6916018872881742,-1.2411489556545867
0.6916018872881742,-1.2411489556545867,0.6791586690823802,-1.24747863025983
0.6791586690823802,-1.24747863025983,0.6666526382379114,-1.2537112390276304
0.6666526382379114,-1.2537112390276304,0.6540847727305269,-1.2598453198761526
0.6540847727305269,-1.2598453198761526,0.6414560651133547,-1.265879419573403
0.6414560651133547,-1.265879419573403,0.6287675224235818,-1.2718120947008031
0.6287675224235818,-1.2718120947008031,0.6160201660794747,-1.2776419126230671
0.6160201660794747,-1.2776419126230671,0.6032150317676753,-1.2833674524633747
0.6032150317676753,-1.2833674524633747,0.5903531693207218,-1.288987306082785
0.5903531693207218,-1.288987306082785,0.5774356425847593,-1.294500079062821
0.5774356425847593,-1.294500079062821,0.5644635292774132,-1.2999043916901232
0.5644635292774132,-1.2999043916901232,0.5514379208358102,-1.3051988799420493
0.5514379208358102,-1.3051988799420493,0.5383599222547438,-1.31038219647207
0.5383599222547438,-1.31038219647207,0.5252306519149911,-1.3154530115937964
0.5252306519149911,-1.3154530115937964,0.5120512414018014,-1.3204100142624478
0.5120512414018014,-1.3204100142624478,0.49882283531358823,-1.3252519130525613
0.49882283531358823,-1.3252519130525613,0.48554659106086767,-1.3299774371307191
0.48554659106086767,-1.3299774371307191,0.47222367865549963,-1.3345853372220653
0.47222367865549963,-1.3345853372220653,0.45885528049030017,-1.3390743865693695
0.45885528049030017,-1.3390743865693695,0.4454425911091057,-1.3434433818833873
0.4454425911091057,-1.3434433818833873,0.43198681696738245,-1.3476911442832613
0.43198681696738245,-1.3476911442832613,0.41848917618348636,-1.3518165202257049
0.41848917618348636,-1.3518165202257049,0.40495089828069347,-1.3558183824217067
0.40495089828069347,-1.3558183824217067,0.39137322392012996,-1.3596956307395016
0.39137322392012996,-1.3596956307395016,0.377757404624747,-1.3634471930925505
0.377757404624747,-1.3634471930925505,0.3641047024944955,-1.367072026311285
0.3641047024944955,-1.367072026311285,0.3504163899128702,-1.3705691169973797
0.3504163899128702,-1.3705691169973797,0.3366937492450032,-1.3739374823593262
0.3366937492450032,-1.3739374823593262,0.3229380725275003,-1.3771761710281023
0.3229380725275003,-1.3771761710281023,0.3091506611502251,-1.380284263851741
0.3091506611502251,-1.380284263851741,0.2953328255302483,-1.3832608746676311
0.2953328255302483,-1.3832608746676311,0.2814858847781894,-1.3861051510514015
0.2814858847781894,-1.3861051510514015,0.2676111663571918,-1.3888162750412631
0.2676111663571918,-1.3888162750412631,0.25371000573478153,-1.39139346383672
0.25371000573478153,-1.39139346383672,0.2397837460278717,-1.3938359704705825
0.2397837460278717,-1.3938359704705825,0.22583373764118436,-1.3961430844532559
0.22583373764118436,-1.3961430844532559,0.21186133789937245,-1.398314132388309
0.21186133789937245,-1.398314132388309,0.19786791067313353,-1.400348478558371
0.19786791067313353,-1.400348478558371,0.18385482599961678,-1.402245525480439
0.18385482599961678,-1.402245525480439,0.16982345969743354,-1.4040047144297265
0.16982345969743354,-1.4040047144297265,0.15577519297659,-1.4056255259312296
0.15577519297659,-1.4056255259312296,0.14171141204366913,-1.4071074802182275
0.14171141204366913,-1.4071074802182275,0.12763350770259577,-1.4084501376569916
0.12763350770259577,-1.4084501376569916,0.11354287495132652,-1.4096530991370233
0.11354287495132652,-1.4096530991370233,0.09944091257481232,-1.4107160064261959
0.09944091257481232,-1.4107160064261959,0.08532902273458731,-1.4116385424902274
0.08532902273458731,-1.4116385424902274,0.07120861055534367,-1.412420431775971
0.07120861055534367,-1.412420431775971,0.05708108370885626,-1.4130614404580644
0.05708108370885626,-1.4130614404580644,0.04294785199562578,-1.4135613766485373
0.04294785199562578,-1.4135613766485373,0.02881032692461235,-1.4139200905690372
0.02881032692461235,-1.4139200905690372,0.014669921291435113,-1.4141374746853936
0.014669921291435113,-1.4141374746853936,0.0005280487554153272,-1.4142134638043002
0.0005280487554153272,-1.4142134638043002,-0.013613876584157239,-1.4141480351319589
-0.013613876584157239,-1.4141480351319589,-0.027754440612153736,-1.4139412082945884
-0.027754440612153736,-1.4139412082945884,-0.041892229621749905,-1.413593045320766
-0.041892229621749905,-1.413593045320766,-0.05602583073820242,-1.4131036505856278
-0.05602583073820242,-1.4131036505856278,-0.07015383234187691,-1.4124731707170237
-0.07015383234187691,-1.4124731707170237,-0.08427482449014789,-1.4117017944637742
-0.08427482449014789,-1.4117017944637742,-0.09838739933779259,-1.4107897525262483
-0.09838739933779259,-1.4107897525262483,-0.1124901515555034,-1.4097373173495371
-0.1124901515555034,-1.4097373173495371,-0.12658167874614637,-1.4085448028795573
-0.12658167874614637,-1.4085448028795573,-0.14066058185839692,-1.4072125642824822
-0.14066058185839692,-1.4072125642824822,-0.15472546559738848,-1.4057409976279527
-0.15472546559738848,-1.4057409976279527,-0.16877493883201422,-1.404130539536581
-0.16877493883201422,-1.404130539536581,-0.1828076149985276,-1.4023816667923128
-0.1828076149985276,-1.4023816667923128,-0.1968221125000934,-1.4004948959202692
-0.1968221125000934,-1.4004948959202692,-0.2108170551019474,-1.3984707827307448
-0.2108170551019474,-1.3984707827307448,-0.2247910723218297,-1.3963099218300852
-0.2247910723218297,-1.3963099218300852,-0.23874279981536464,-1.394012946099221
-0.23874279981536464,-1.394012946099221,-0.2526708797560675,-1.3915805261406797
-0.2526708797560675,-1.3915805261406797,-0.2665739612096676,-1.3890133696949425
-0.2665739612096676,-1.3890133696949425,-0.280450700502445,-1.3863122210270586
-0.280450700502445,-1.3863122210270586,-0.2942997615832893,-1.3834778602844684
-0.2942997615832893,-1.3834778602844684,-0.3081198163791959,-1.3805111028270243
-0.3081198163791959,-1.3805111028270243,-0.32190954514392867,-1.377412798530238
-0.32190954514392867,-1.377412798530238,-0.33566763679958506,-1.3741838310628143
-0.33566763679958506,-1.3741838310628143,-0.34939278927081246,-1.370825117139562
-0.34939278927081246,-1.370825117139562,-0.3630837098114357,-1.3673376057508024
-0.3630837098114357,-1.3673376057508024,-0.37673911532326515,-1.3637222773694226
-0.37673911532326515,-1.3637222773694226,-0.39035773266686946,-1.3599801431367418
-0.39035773266686946,-1.3599801431367418,-0.4039382989641048,-1.356112244028381
-0.4039382989641048,-1.356112244028381,-0.417479561892209,-1.3521196500013462
-0.417479561892209,-1.3521196500013462,-0.43098027996927646,-1.3480034591235452
-0.43098027996927646,-1.3480034591235452,-0.4444392228309469,-1.3437647966869775
-0.4444392228309469,-1.3437647966869775,-0.4578551714981483,-1.3394048143058392
-0.4578551714981483,-1.3394048143058392,-0.4712269186357516,-1.3349246890008013
-0.4712269186357516,-1.3349246890008013,-0.4845532688020038,-1.3303256222707138
-0.4845532688020038,-1.3303256222707138,-0.4978330386886205,-1.325608839152999
-0.4978330386886205,-1.325608839152999,-0.5110650573514314,-1.3207755872739912
-0.5110650573514314,-1.3207755872739912,-0.5242481664314838,-1.3158271358904805
-0.5242481664314838,-1.3158271358904805,-0.5373812203665229,-1.3107647749237084
-0.5373812203665229,-1.3107647749237084,-0.5504630865927798,-1.305589813987062
-0.5504630865927798,-1.305589813987062,-0.5634926457370091,-1.3003035814086952
-0.5634926457370091,-1.3003035814086952,-0.5764687917987339,-1.2949074232502977
-0.5764687917987339,-1.2949074232502977,-0.5893904323226632,-1.28940270232322
-0.5893904323226632,-1.28940270232322,-0.6022564885612622,-1.2837907972031366
-0.6022564885612622,-1.2837907972031366,-0.6150658956274679,-1.2780731012444237
-0.6150658956274679,-1.2780731012444237,-0.6278176026375504,-1.272251021595395
-0.6278176026375504,-1.272251021595395,-0.6405105728441366,-1.2663259782155243
-0.6405105728441366,-1.2663259782155243,-0.6531437837594203,-1.2602994028957568
-0.6531437837594203,-1.2602994028957568,-0.6657162272685955,-1.2541727382829853
-0.6657162272685955,-1.2541727382829853,-0.6782269097335594,-1.2479474369097383
-0.6782269097335594,-1.2479474369097383,-0.6906748520869427,-1.2416249602301042
-0.6906748520869427,-1.2416249602301042,-0.7030590899165347,-1.2352067776628766
-0.7030590899165347,-1.2352067776628766,-0.7153786735401796,-1.2286943656428826
-0.7153786735401796,-1.2286943656428826,-0.7276326680712312,-1.2220892066814204
-0.7276326680712312,-1.2220892066814204,-0.739820153474661,-1.215392788436697
-0.739820153474661,-1.215392788436697,-0.7519402246139245,-1.2086066027951268
-0.7519402246139245,-1.2086066027951268,-0.763991991288698,-1.2017321449643137
-0.763991991288698,-1.2017321449643137,-0.775974578263607,-1.1947709125785055
-0.775974578263607,-1.1947709125785055,-0.787887125288075,-1.1877244048172722
-0.787887125288075,-1.1877244048172722,-0.7997287871074276,-1.1805941215381222
-0.7997287871074276,-1.1805941215381222,-0.8114987334653955,-1.1733815624237365
-0.8114987334653955,-1.1733815624237365,-0.8231961490981663,-1.1660882261444612
-0.8231961490981663,-1.1660882261444612,-0.8348202337201388,-1.1587156095366598
-0.8348202337201388,-1.1587156095366598,-0.8463702020015437,-1.1512652067974936
-0.8463702020015437,-1.1512652067974936,-0.8578452835380953,-1.1437385086966576
-0.8578452835380953,-1.1437385086966576,-0.8692447228128487,-1.1361370018055625
-0.8692447228128487,-1.1361370018055625,-0.8805677791504368,-1.128462167744417
-0.8805677791504368,-1.128462167744417,-0.89181372666387,-1.1207154824476273
-0.89181372666387,-1.1207154824476273,-0.9029818541940831,-1.112898415447893
-0.9029818541940831,-1.112898415447893,-0.9140714652424173,-1.1050124291793453
-0.9140714652424173,-1.1050124291793453,-0.9250818778962316,-1.0970589783000348
-0.9250818778962316,-1.0970589783000348,-0.9360124247478355,-1.089039509034042
